package	upstream	copr	debian	ours	status	debian_pkg	url
ANTs	2.6.5	2.6.5	-	2.6.5-1~noble1	OURS	-	https://github.com/ANTsX/ANTs
InsightToolkit5	5.4.6	5.4.6	5.3.0	5.4.6-1~noble3	OURS	libinsighttoolkit5-dev	https://itk.org/
liblsl	-	1.17.7	-	1.17.7-1	OURS	-	https://github.com/sccn/liblsl
python-pylsl	-	1.18.2	-	1.18.2-1	OURS	-	https://github.com/labstreaminglayer/pylsl
python-pyxdf	-	1.17.4	-	1.17.5-1	OURS	-	https://github.com/xdf-modules/pyxdf
biosig4c++	-	3.9.4	2.6.0	-	OUTDATED	libbiosig3	https://sourceforge.net/projects/%{pretty_name}/
compat-libtiff5	-	4.4.0	4.3.0	-	OUTDATED	libtiff5	http://www.libtiff.org/
dart	-	6.18.0	6.13.2	-	OUTDATED	libdart-all-dev	https://dartsim.github.io/
dlib	-	20.0.1	19.24	-	OUTDATED	libdlib-dev	http://dlib.net
ismrmrd	-	1.15.0	1.8.0	-	OUTDATED	libismrmrd-dev	https://github.com/ismrmrd/ismrmrd
libxdf	-	0.99.10	0.99.8	-	OUTDATED	libxdf0	https://github.com/xdf-modules/libxdf
openigtlink	-	3.1.0	1.11.0	-	OUTDATED	libopenigtlink-dev	https://github.com/openigtlink/OpenIGTLink
urdfdom	-	4.0.2	4.0.0	-	OUTDATED	liburdfdom-dev	http://ros.org/wiki/urdf
urdfdom-headers	-	1.1.2	1.0.5	-	OUTDATED	liburdfdom-headers-dev	http://ros.org/wiki/urdf
vtk	9.6.2	9.6.2	9.1.0	9.5.2+dfsg4-5ubuntu2	OURS	libvtk9-dev	https://vtk.org/
vtk-mpi	-	9.6.2	9.1.0	-	OUTDATED	libvtk9-dev	https://vtk.org/
afni	-	26.1.04	(data)	-	PARTIAL	afni-atlases	https://afni.nimh.nih.gov/
freesurfer7-synth-tools	-	%{fs_ver}	8.2.0	-	PARTIAL	freesurfer	https://surfer.nmr.mgh.harvard.edu/
freesurfer8-synth-tools	-	%{fs_ver}	8.2.0	-	PARTIAL	freesurfer	https://surfer.nmr.mgh.harvard.edu/
freesurfer8-synthstrip	-	%{fs_ver}	8.2.0	-	PARTIAL	freesurfer	https://surfer.nmr.mgh.harvard.edu/docs/synthstrip/
fsl-first	-	2203.1	5.0.7	-	PARTIAL	fsl-first-data	https://fsl.fmrib.ox.ac.uk/fsl/fslwiki/FIRST
fsl-possum	-	2111.3	5.0.7	-	PARTIAL	fsl-possum-data	https://fsl.fmrib.ox.ac.uk/fsl/fslwiki/POSSUM
python-pybids	-	0.22.0	1.14.1	-	PARTIAL	python3-bids-validator	https://bids.neuroimaging.io
ciftilib	-	1.6.0	1.6.0	-	SKIP	libcifti-dev	https://github.com/Washington-University/CiftiLib
fcl	-	0.7.0	0.7.0	-	SKIP	libfcl-dev	https://github.com/flexible-collision-library/fcl
flann	-	1.9.2	1.9.2	-	SKIP	libflann-dev	http://www.cs.ubc.ca/research/flann
freesurfer7	-	7.4.1	8.2.0	-	SKIP	freesurfer	https://surfer.nmr.mgh.harvard.edu/
freesurfer8	-	8.2.0	8.2.0	-	SKIP	freesurfer	https://surfer.nmr.mgh.harvard.edu/
gifticlib-cmake-devel	-	1.0.9	1.0.9	-	SKIP	libgiftiio-dev	http://www.nitrc.org/projects/gifti/
tclap	-	1.2.5	1.2.5	-	SKIP	libtclap-dev	https://tclap.sourceforge.net/
teem	-	1.12.0	1.12.0	-	SKIP	libteem-dev	https://teem.sourceforge.net
3dslicer	-	%{slicer_ver}	-	-	MISSING	-	https://slicer.org/
3dslicer-elastix	-	1.0	-	-	MISSING	-	https://github.com/lassoan/SlicerElastix
3dslicer-monailabel	-	1.0	-	-	MISSING	-	https://github.com/Project-MONAI/MONAILabel
3dslicer-openlifu	-	1.19.0	-	-	MISSING	-	https://github.com/OpenwaterHealth/SlicerOpenLIFU
3dslicer-totalsegmentator	-	1.0	-	-	MISSING	-	https://github.com/lassoan/SlicerTotalSegmentator
anima	-	4.2	-	-	MISSING	-	https://github.com/Inria-Empenn/Anima-Public
ANTs3	-	3.0.0^%{snapdate}git%{shortcommit}	-	-	MISSING	-	https://github.com/ANTsX/ANTs
App-AudioCapture	-	1.17.0	-	-	MISSING	-	https://github.com/labstreaminglayer/App-AudioCapture
App-Gamepad	-	1.16.1	-	-	MISSING	-	https://github.com/labstreaminglayer/App-Gamepad
App-PupilLabs	-	0	-	-	MISSING	-	https://github.com/labstreaminglayer/App-PupilLabs
App-SigVisualizer	-	0	-	-	MISSING	-	https://github.com/labstreaminglayer/App-SigVisualizer
App-XDFStreamer	-	1.15.0	-	-	MISSING	-	https://github.com/labstreaminglayer/App-XDFStreamer
babelbrain	-	0.8.1	-	-	MISSING	-	https://github.com/ProteusMRIgHIFU/BabelBrain
bicpl	-	2.0.0	-	-	MISSING	-	https://github.com/BIC-MNI/bicpl
brainflow	-	5.22.2	-	-	MISSING	-	https://brainflow.org
c3d	-	1.4.6	-	-	MISSING	-	https://github.com/pyushkevich/c3d
cc3d-player5	-	4.9.0	-	-	MISSING	-	https://compucell3d.org
cc3d-twedit5	-	4.9.0	-	-	MISSING	-	https://compucell3d.org
cmdstan	-	2.39.0	-	-	MISSING	-	https://mc-stan.org/users/interfaces/cmdstan
commontk-applauncher	-	%{upstream_ver}	-	-	MISSING	-	https://github.com/commontk/AppLauncher
compucell3d	-	4.9.0	-	-	MISSING	-	https://github.com/CompuCell3D/CompuCell3D
ctk	-	2026.01.26	-	-	MISSING	-	https://commontk.org/
dicomanonymizer	-	1.0.13.post1	-	-	MISSING	-	https://github.com/KitwareMedical/dicom-anonymizer
dsi-studio	-	2025.01	-	-	MISSING	-	https://dsi-studio.labsolver.org/
dtk	-	1.7.1	-	-	MISSING	-	https://dtk.inria.fr/
dtk-qt6	-	1.7.1	-	-	MISSING	-	https://gitlab.com/morgan.hough/dtk-qt6
fsl	-	6.0.7.18	-	-	MISSING	-	https://fsl.fmrib.ox.ac.uk
fsl-avwutils	-	2209.3	-	-	MISSING	-	https://fsl.fmrib.ox.ac.uk
fsl-bet2	-	2111.9	-	-	MISSING	-	https://fsl.fmrib.ox.ac.uk/fsl/fslwiki/BET
fsl-bianca	-	2209.3	-	-	MISSING	-	https://fsl.fmrib.ox.ac.uk/fsl/fslwiki/BIANCA
fsl-cluster	-	2201.0	-	-	MISSING	-	https://fsl.fmrib.ox.ac.uk/fsl/fslwiki/Cluster
fsl-eddy	-	2401.2	-	-	MISSING	-	https://fsl.fmrib.ox.ac.uk/fsl/fslwiki/eddy
fsl-fabber-core	-	4.0.11	-	-	MISSING	-	https://github.com/physimals/fabber_core
fsl-fabber-models-asl	-	2.0.8	-	-	MISSING	-	https://github.com/physimals/fabber_models_asl
fsl-fast4	-	2111.3	-	-	MISSING	-	https://fsl.fmrib.ox.ac.uk/fsl/fslwiki/FAST
fsl-fdt	-	2202.11	-	-	MISSING	-	https://fsl.fmrib.ox.ac.uk/fsl/fslwiki/FDT
fsl-feat5	-	2201.7	-	-	MISSING	-	https://fsl.fmrib.ox.ac.uk/fsl/fslwiki/FEAT
fsl-film	-	2111.1	-	-	MISSING	-	https://fsl.fmrib.ox.ac.uk/fsl/fslwiki/FEAT
fsl-filmbabe	-	2111.1	-	-	MISSING	-	https://fsl.fmrib.ox.ac.uk/fsl/fslwiki/FEAT
fsl-flameo	-	2111.2	-	-	MISSING	-	https://fsl.fmrib.ox.ac.uk/fsl/fslwiki/FEAT
fsl-flirt	-	2111.4	-	-	MISSING	-	https://fsl.fmrib.ox.ac.uk/fsl/fslwiki/FLIRT
fsl-fnirt	-	2203.2	-	-	MISSING	-	https://fsl.fmrib.ox.ac.uk/fsl/fslwiki/FNIRT
fsl-fugue	-	2201.5	-	-	MISSING	-	https://fsl.fmrib.ox.ac.uk/fsl/fslwiki/FUGUE
fsl-gps	-	2211.1	-	-	MISSING	-	https://fsl.fmrib.ox.ac.uk/fsl/fslwiki/FDT
fsl-libvis	-	2111.2	-	-	MISSING	-	https://fsl.fmrib.ox.ac.uk
fsl-mcflirt	-	2111.0	-	-	MISSING	-	https://fsl.fmrib.ox.ac.uk/fsl/fslwiki/MCFLIRT
fsl-melodic	-	2111.3	-	-	MISSING	-	https://fsl.fmrib.ox.ac.uk/fsl/fslwiki/MELODIC
fsl-mist	-	2111.6	-	-	MISSING	-	https://git.fmrib.ox.ac.uk/fsl/mist
fsl-mm	-	2111.1	-	-	MISSING	-	https://fsl.fmrib.ox.ac.uk/fsl/fslwiki
fsl-oxford-asl	-	4.0.29	-	-	MISSING	-	https://github.com/physimals/oxford_asl
fsl-ptx2	-	2111.5	-	-	MISSING	-	https://fsl.fmrib.ox.ac.uk/fsl/fslwiki/FDT
fsl-randomise	-	2203.3	-	-	MISSING	-	https://fsl.fmrib.ox.ac.uk/fsl/fslwiki/randomise
fsl-siena	-	2111.1	-	-	MISSING	-	https://fsl.fmrib.ox.ac.uk/fsl/fslwiki/SIENA
fsl-slicetimer	-	2111.0	-	-	MISSING	-	https://fsl.fmrib.ox.ac.uk/fsl/fslwiki/slicetimer
fsl-susan	-	2111.0	-	-	MISSING	-	https://fsl.fmrib.ox.ac.uk/fsl/fslwiki/SUSAN
fsl-swe	-	1.1.0	-	-	MISSING	-	https://fsl.fmrib.ox.ac.uk/fsl/fslwiki/SwE
fsl-tbss	-	2111.2	-	-	MISSING	-	https://fsl.fmrib.ox.ac.uk/fsl/fslwiki/TBSS
fsl-topup	-	2203.5	-	-	MISSING	-	https://fsl.fmrib.ox.ac.uk/fsl/fslwiki/topup
fsl-xtract	-	2.0.7	-	-	MISSING	-	https://github.com/SPMIC-UoN/XTRACT
fsl-xtract-data	-	2.1.0	-	-	MISSING	-	https://git.fmrib.ox.ac.uk/fsl/xtract_data
geant4	-	11.4.1	-	-	MISSING	-	https://geant4.web.cern.ch/
greedy	-	1.3.0~alpha	-	-	MISSING	-	https://github.com/pyushkevich/greedy
igsio	-	1.0	-	-	MISSING	-	https://github.com/IGSIO/IGSIO
iit-human-brain-atlas	-	NO_SPEC	-	-	MISSING	-	
InsightToolkit6	6.0.0b2	6.0.0~b02	-	-	MISSING	-	https://itk.org/
itksnap	-	4.4.0~beta2	-	4.4.0~beta2-1~noble2	OURS	-	http://www.itksnap.org
jemris	-	2.9.2	-	-	MISSING	-	https://github.com/JEMRIS/jemris
labrecorder	-	1.17.1	-	-	MISSING	-	https://github.com/labstreaminglayer/App-LabRecorder
laynii	-	2.10.0	-	-	MISSING	-	https://github.com/layerfMRI/LAYNII
libspm	-	0.1.0	-	-	MISSING	-	https://github.com/m9h/libspm
lsl-apps	-	1.0	-	-	MISSING	-	https://labstreaminglayer.org/
medInria	-	5.0.1~beta	-	-	MISSING	-	https://github.com/medInria/medInria-public
mitk	-	2025.12.2	-	-	MISSING	-	https://www.mitk.org/
mne-cpp	-	0.1.9^%{snapdate}git%{shortcommit}	-	-	MISSING	-	https://mne-cpp.github.io/
mricrogl	-	1.2.%{date}	-	-	MISSING	-	https://github.com/rordenlab/MRIcroGL
niftyreg	-	2.0.0	-	-	MISSING	-	https://github.com/KCL-BMEIS/niftyreg
niftyseg	-	0.9.5	-	-	MISSING	-	https://github.com/KCL-BMEIS/NiftySeg
open-ephys-gui	-	1.0.2	-	-	MISSING	-	https://open-ephys.org/
openigtlinkio	-	1.0	-	-	MISSING	-	https://github.com/IGSIO/OpenIGTLinkIO
opentopas	-	4.2.3	-	-	MISSING	-	https://github.com/OpenTOPAS/OpenTOPAS
opentrack	-	2026.1.0	-	-	MISSING	-	https://github.com/opentrack/opentrack
openvibe	-	3.7.0	-	-	MISSING	-	http://openvibe.inria.fr
OrcaSlicer	-	2.4.0	-	-	MISSING	-	https://github.com/OrcaSlicer/OrcaSlicer
palm	-	0	-	-	MISSING	-	https://github.com/andersonwinkler/PALM
python-babelviscofdtd	-	1.2.6	-	-	MISSING	-	https://github.com/ProteusMRIgHIFU/BabelViscoFDTD
python-brainflow	-	5.22.2	-	-	MISSING	-	https://brainflow.org/
python-bsmschema	-	0.1.1	-	-	MISSING	-	https://github.com/bids-standard/stats-models
python-charm-gems	1.3.3	1.3.3	-	1.3.3-1 (arm64)	OURS	-	https://github.com/simnibs/charm-gems
python-ephyviewer	-	1.8.0	-	-	MISSING	-	https://ephyviewer.readthedocs.io/
python-file-tree	-	1.6.1	-	-	MISSING	-	https://git.fmrib.ox.ac.uk/fsl/file-tree
python-fmm3dpy	-	2.1.0	-	-	MISSING	-	https://fmm3d.readthedocs.io/
python-formulaic	-	1.2.2	-	-	MISSING	-	https://github.com/matthewwardrop/formulaic
python-gaze-tracking	-	0.1.0	-	-	MISSING	-	https://github.com/%{gh_owner}/%{gh_name}
python-mcp-slicer	-	0.2.1	-	-	MISSING	-	https://github.com/zhaoyouj/mcp-slicer
python-monai	-	1.5.2	-	-	MISSING	-	https://monai.io
python-narwhals	-	2.22.1	-	-	MISSING	-	https://github.com/narwhals-dev/narwhals
python-nilearn	-	0.13.1	-	-	MISSING	-	%forgeurl
python-OpenSeeFace	-	1.20.4	-	-	MISSING	-	https://github.com/%{gh_owner}/%{gh_name}
python-pillow-avif-plugin	-	1.5.5	-	-	MISSING	-	https://github.com/fdintino/pillow-avif-plugin
python-py-undo-stack	-	1.1.0	-	-	MISSING	-	https://pypi.org/project/py-undo-stack/
python-pyfix	-	0.10.0	-	-	MISSING	-	https://git.fmrib.ox.ac.uk/fsl/pyfix
python-pygpc	-	0.4.4	-	-	MISSING	-	https://github.com/pygpc-polynomial-chaos/pygpc
python-pythonqt	-	4.0.1	-	-	MISSING	-	https://github.com/commontk/PythonQt
python-samseg	1.0.0	0.5a0	-	1.0.0-1 (arm64)	OURS	-	https://github.com/freesurfer/samseg
python-simpleitk	-	2.5.5	-	2.5.5-1~noble1	OURS	-	https://simpleitk.org/
python-simservice	-	0.1.1	-	-	MISSING	-	https://github.com/tjsego/simservice
python-spectrum	-	0.10.0	-	-	MISSING	-	https://github.com/cokelaer/spectrum
python-stanio	-	0.5.1	-	-	MISSING	-	https://github.com/stan-dev/stanio
python-surfa	-	0.6.3	-	-	MISSING	-	https://github.com/freesurfer/surfa
python-trame	-	3.13.2	-	-	MISSING	-	https://github.com/Kitware/trame
python-trame-client	-	3.13.2	-	-	MISSING	-	https://github.com/Kitware/trame-client
python-trame-common	-	1.2.4	-	-	MISSING	-	https://github.com/Kitware/trame-common
python-trame-rca	-	2.4.3	-	-	MISSING	-	https://github.com/Kitware/trame-rca
python-trame-server	-	3.12.5	-	-	MISSING	-	https://github.com/Kitware/trame-server
python-trame-vtk	-	2.11.12	-	-	MISSING	-	https://github.com/Kitware/trame-vtk
python-trame-vuetify	-	3.2.2	-	-	MISSING	-	https://github.com/Kitware/trame-vuetify
python-wslink	-	2.5.7	-	-	MISSING	-	https://github.com/Kitware/wslink
PythonQt	-	3.6.1	-	-	MISSING	-	https://github.com/commontk/PythonQt
qRestAPI	-	0	-	-	MISSING	-	https://github.com/commontk/qRestAPI
qttesting	-	0	-	-	MISSING	-	https://github.com/commontk/QtTesting
quit	-	3.4	-	-	MISSING	-	https://github.com/spinicist/QUIT
RPI	-	4.0	-	-	MISSING	-	https://github.com/medInria/RPI
rr-libstruct	-	2.9.2	-	-	MISSING	-	https://github.com/sys-bio/rr-libstruct
simnibs	-	4.6.0	-	-	MISSING	-	http://simnibs.org
SlicerExecutionModel	-	2.0.0	-	-	MISSING	-	https://github.com/Slicer/SlicerExecutionModel
SPHARM-PDM	-	2.0.0	-	-	MISSING	-	https://github.com/NIRALUser/SPHARM-PDM
TTK	-	4.0.1	-	-	MISSING	-	https://github.com/medInria/TTK
ucsc-kent-utils	-	492	-	-	MISSING	-	https://github.com/ucscGenomeBrowser/kent-core
vespa	-	1.0	-	-	MISSING	-	https://gitlab.kitware.com/vtk/meshing/vespa
viskores	-	1.1.1	-	-	MISSING	-	https://github.com/Viskores/viskores
vmtk	-	1.5.0	-	-	MISSING	-	http://www.vmtk.org/
vtkAddon	-	0.1.0	-	-	MISSING	-	https://github.com/Slicer/vtkAddon
xpra-html5	-	20	-	-	MISSING	-	https://github.com/Xpra-org/xpra-html5
